{"producttitle":"SAN2TWFT90","description":"sanibel 2000 Trennwand fÃ¼r FlÃ¼geltÃ¼r A16 TWFT 900x1900mm silber/ESG ","pictureURL":"/shop/d24/kleinbild_liste/27Q6yr5aDpUGD6U6121.gif","pictureApiUrl":"","linkpage":"/cgi-bin/d24/iphone.product.detail.sd/ZEYMYEDS/190201225935/?artikelnummer=SAN2TWFT90", "id":"SAN2TWFT90", "unit":"StÃ¼ck", "pe":"pro 1", "werksnr" : "8306911-A23604087321", "liefnr" : "" } ,{"producttitle":"SAN2FTTWFS90","description":"sanibel 2000 FlÃ¼geltÃ¼r f Trennw. Festseg A16 FTTWFS 900x1900mm silber/ESG ","pictureURL":"/shop/d24/kleinbild_liste/27Q6yr5Q2Eb9g3ta6t41Sf.gif","pictureApiUrl":"","linkpage":"/cgi-bin/d24/iphone.product.detail.sd/ZEYMYEDS/190201225935/?artikelnummer=SAN2FTTWFS90", "id":"SAN2FTTWFS90", "unit":"StÃ¼ck", "pe":"pro 1", "werksnr" : "8306901-A23102087321", "liefnr" : "" } ,{"producttitle":"SAN2A23682","description":"sanibel 2000 Trennwand fÃ¼r FlÃ¼geltÃ¼r A16 TWFT Sonder auf Badew. A23682 silber/ESG ","pictureURL":"/shop/d24/kleinbild_liste/27Q6yr5E8rawCx7zx4p.gif","pictureApiUrl":"","linkpage":"/cgi-bin/d24/iphone.product.detail.sd/ZEYMYEDS/190201225935/?artikelnummer=SAN2A23682", "id":"SAN2A23682", "unit":"StÃ¼ck", "pe":"pro 1", "werksnr" : "8306915-A23682087321", "liefnr" : "" } ,{"producttitle":"SAN2EDPTFS9090","description":"sanibel 2000 Eckdusche PendeltÃ¼r Festseg A16 EDPTFS 900x900x1900mm silber/ESG ","pictureURL":"/shop/d24/kleinbild_liste/27Q6yr57UEGRwRBea36CCz5A5.gif","pictureApiUrl":"","linkpage":"/cgi-bin/d24/iphone.product.detail.sd/ZEYMYEDS/190201225935/?artikelnummer=SAN2EDPTFS9090", "id":"SAN2EDPTFS9090", "unit":"StÃ¼ck", "pe":"pro 1", "werksnr" : "8306940-A23002087321", "liefnr" : "" } ,{"producttitle":"SAN2FTTW90","description":"sanibel 2000 FlÃ¼geltÃ¼r fÃ¼r Trennwand A16 FTTW 900x1900mm silber/ESG ","pictureURL":"/shop/d24/kleinbild_liste/27Q6yr5Q2Eb9gSp2AQc.gif","pictureApiUrl":"","linkpage":"/cgi-bin/d24/iphone.product.detail.sd/ZEYMYEDS/190201225935/?artikelnummer=SAN2FTTW90", "id":"SAN2FTTW90", "unit":"StÃ¼ck", "pe":"pro 1", "werksnr" : "8306905-A23402087321", "liefnr" : "" } ,{"producttitle":"SAN2A23580","description":"sanibel 2000 PendeltÃ¼r in Nische A16 PTN Sonderanfertigung A23580 silber/ESG ","pictureURL":"/shop/d24/kleinbild_liste/27Q6yr5E8rRwCseEs9r.gif","pictureApiUrl":"","linkpage":"/cgi-bin/d24/iphone.product.detail.sd/ZEYMYEDS/190201225935/?artikelnummer=SAN2A23580", "id":"SAN2A23580", "unit":"StÃ¼ck", "pe":"pro 1", "werksnr" : "8306923-A23580087321", "liefnr" : "" } ,{"producttitle":"SAN2TWFT75","description":"sanibel 2000 Trennwand fÃ¼r FlÃ¼geltÃ¼r A16 TWFT 750x1900mm silber/ESG ","pictureURL":"/shop/d24/kleinbild_liste/27Q6yr5aDpUGDzK1twK.gif","pictureApiUrl":"","linkpage":"/cgi-bin/d24/iphone.product.detail.sd/ZEYMYEDS/190201225935/?artikelnummer=SAN2TWFT75", "id":"SAN2TWFT75", "unit":"StÃ¼ck", "pe":"pro 1", "werksnr" : "8306909-A23602087321", "liefnr" : "" } ,{"producttitle":"SAN2TWFT80","description":"sanibel 2000 Trennwand fÃ¼r FlÃ¼geltÃ¼r A16 TWFT 800x1900mm silber/ESG ","pictureURL":"/shop/d24/kleinbild_liste/27Q6yr5aDpUGDTP1tTA.gif","pictureApiUrl":"","linkpage":"/cgi-bin/d24/iphone.product.detail.sd/ZEYMYEDS/190201225935/?artikelnummer=SAN2TWFT80", "id":"SAN2TWFT80", "unit":"StÃ¼ck", "pe":"pro 1", "werksnr" : "8306910-A23603087321", "liefnr" : "" } ,{"producttitle":"HU035023","description":"HÃœPPE Anschlagprofil transparent fÃ¼r STUDIO 5000/3 ","pictureURL":"","pictureApiUrl":"","linkpage":"/cgi-bin/d24/iphone.product.detail.sd/ZEYMYEDS/190201225935/?artikelnummer=HU035023", "id":"HU035023", "unit":"StÃ¼ck", "pe":"pro 1", "werksnr" : "Ausl.035023", "liefnr" : "" } ,{"producttitle":"SAN2A23480","description":"sanibel 2000 FlÃ¼geltÃ¼r fÃ¼r Trennwand A16 FTTW Sonderanf. A23480 silber/ESG ","pictureURL":"/shop/d24/kleinbild_liste/27Q6yr5E8rcwC2pLbxS.gif","pictureApiUrl":"","linkpage":"/cgi-bin/d24/iphone.product.detail.sd/ZEYMYEDS/190201225935/?artikelnummer=SAN2A23480", "id":"SAN2A23480", "unit":"StÃ¼ck", "pe":"pro 1", "werksnr" : "8306907-A23480087321", "liefnr" : "" },
{"producttitle":"SAN2A23780","description":"sanibel 2000 PendeltÃ¼r 2 tlg. in Nische A16 PT2N Sonderanf. A23780 silber/ESG ","pictureURL":"/shop/d24/kleinbild_liste/27Q6yr5E8rTwCbx424A.gif","pictureApiUrl":"","linkpage":"/cgi-bin/d24/iphone.product.detail.sd/ZEYMYEDS/190201230041/?artikelnummer=SAN2A23780", "id":"SAN2A23780", "unit":"StÃ¼ck", "pe":"pro 1", "werksnr" : "8306927-A23780087321", "liefnr" : "" } ,{"producttitle":"SAN2EDPT100100","description":"sanibel 2000 Eckdusche PendeltÃ¼r A16 EDPT 1000x1000x1900mm silber/ESG ","pictureURL":"/shop/d24/kleinbild_liste/27Q6yr57UEGRwTy0ae64E2053.gif","pictureApiUrl":"","linkpage":"/cgi-bin/d24/iphone.product.detail.sd/ZEYMYEDS/190201230041/?artikelnummer=SAN2EDPT100100", "id":"SAN2EDPT100100", "unit":"StÃ¼ck", "pe":"pro 1", "werksnr" : "8306945-A23303087321", "liefnr" : "" } ,{"producttitle":"SAN2EDPTFS1010","description":"sanibel 2000 Eckdusche PendeltÃ¼r Festseg A16 EDPTFS 1000x1000x1900mm silber/ESG ","pictureURL":"/shop/d24/kleinbild_liste/27Q6yr57UEGRwRBegE1E7TBHf.gif","pictureApiUrl":"","linkpage":"/cgi-bin/d24/iphone.product.detail.sd/ZEYMYEDS/190201230041/?artikelnummer=SAN2EDPTFS1010", "id":"SAN2EDPTFS1010", "unit":"StÃ¼ck", "pe":"pro 1", "werksnr" : "8306941-A23003087321", "liefnr" : "" } ,{"producttitle":"SAN2PT2N100","description":"sanibel 2000 PendeltÃ¼r 2 tlg. in Nische A16 PT2N 1000x1900mm silber/ESG ","pictureURL":"/shop/d24/kleinbild_liste/27Q6yr5Rbp541TepreB.gif","pictureApiUrl":"","linkpage":"/cgi-bin/d24/iphone.product.detail.sd/ZEYMYEDS/190201230041/?artikelnummer=SAN2PT2N100", "id":"SAN2PT2N100", "unit":"StÃ¼ck", "pe":"pro 1", "werksnr" : "8306926-A23703087321", "liefnr" : "" } ,{"producttitle":"SAN2PT2N80","description":"sanibel 2000 PendeltÃ¼r 2 tlg. in Nische A16 PT2N 800x1900mm silber/ESG ","pictureURL":"/shop/d24/kleinbild_liste/27Q6yr5Rbp541LErbxS.gif","pictureApiUrl":"","linkpage":"/cgi-bin/d24/iphone.product.detail.sd/ZEYMYEDS/190201230041/?artikelnummer=SAN2PT2N80", "id":"SAN2PT2N80", "unit":"StÃ¼ck", "pe":"pro 1", "werksnr" : "8306924-A23701087321", "liefnr" : "" } ,{"producttitle":"SAN2PT2N90","description":"sanibel 2000 PendeltÃ¼r 2 tlg. in Nische A16 PT2N 900x1900mm silber/ESG ","pictureURL":"/shop/d24/kleinbild_liste/27Q6yr5Rbp541DQr43r.gif","pictureApiUrl":"","linkpage":"/cgi-bin/d24/iphone.product.detail.sd/ZEYMYEDS/190201230041/?artikelnummer=SAN2PT2N90", "id":"SAN2PT2N90", "unit":"StÃ¼ck", "pe":"pro 1", "werksnr" : "8306925-A23702087321", "liefnr" : "" } ,{"producttitle":"SAN2PT2TW80","description":"sanibel 2000 PendeltÃ¼r 2 tlg f Trennwand A16 PT2TW 800x1900mm silber/ESG ","pictureURL":"/shop/d24/kleinbild_liste/27Q6yr5Rbpz41RStGe7.gif","pictureApiUrl":"","linkpage":"/cgi-bin/d24/iphone.product.detail.sd/ZEYMYEDS/190201230041/?artikelnummer=SAN2PT2TW80", "id":"SAN2PT2TW80", "unit":"StÃ¼ck", "pe":"pro 1", "werksnr" : "8306928-A23801087321", "liefnr" : "" } ,{"producttitle":"SAN2PT2TW90","description":"sanibel 2000 PendeltÃ¼r 2 tlg f Trennwand A16 PT2TW 900x1900mm silber/ESG ","pictureURL":"/shop/d24/kleinbild_liste/27Q6yr5Rbpz41eStf0w.gif","pictureApiUrl":"","linkpage":"/cgi-bin/d24/iphone.product.detail.sd/ZEYMYEDS/190201230041/?artikelnummer=SAN2PT2TW90", "id":"SAN2PT2TW90", "unit":"StÃ¼ck", "pe":"pro 1", "werksnr" : "8306929-A23802087321", "liefnr" : "" } ,{"producttitle":"SAN2PTN90","description":"sanibel 2000 PendeltÃ¼r in Nische A16 PTN 900x1900mm silber/ESG ","pictureURL":"/shop/d24/kleinbild_liste/27Q6yr5RbpSTf3Q1.gif","pictureApiUrl":"","linkpage":"/cgi-bin/d24/iphone.product.detail.sd/ZEYMYEDS/190201230041/?artikelnummer=SAN2PTN90", "id":"SAN2PTN90", "unit":"StÃ¼ck", "pe":"pro 1", "werksnr" : "8306921-A23502087321", "liefnr" : "" } ,{"producttitle":"SAN2TWPT280","description":"sanibel 2000 Trennwand f PendeltÃ¼r 2 tlg A16 TWPT2 800x1900mm silber/ESG ","pictureURL":"/shop/d24/kleinbild_liste/27Q6yr5aDpT4yzaDRA9.gif","pictureApiUrl":"","linkpage":"/cgi-bin/d24/iphone.product.detail.sd/ZEYMYEDS/190201230041/?artikelnummer=SAN2TWPT280", "id":"SAN2TWPT280", "unit":"StÃ¼ck", "pe":"pro 1", "werksnr" : "8306934-A23903087321", "liefnr" : "" },
 {"producttitle":"HU035002","description":"HÃœPPE Glasdichtprofil transparent ","pictureURL":"","pictureApiUrl":"","linkpage":"/cgi-bin/d24/iphone.product.detail.sd/ZEYMYEDS/190201230052/?artikelnummer=HU035002", "id":"HU035002", "unit":"StÃ¼ck", "pe":"pro 1", "werksnr" : "035002", "liefnr" : "" } ,{"producttitle":"HU037904","description":"HÃœPPE Ablaufprofilsatz ","pictureURL":"","pictureApiUrl":"","linkpage":"/cgi-bin/d24/iphone.product.detail.sd/ZEYMYEDS/190201230052/?artikelnummer=HU037904", "id":"HU037904", "unit":"StÃ¼ck", "pe":"pro 1", "werksnr" : "037904", "liefnr" : "" } ,{"producttitle":"SAN2178002087","description":"sanibel 2000 Verbreiterungsprofil A16 f TÃ¼ren o. Festseg. Nr. 178002087 silber ","pictureURL":"/shop/d24/kleinbild_liste/27Q6yr5getKSDU6Rt4Krb5.gif","pictureApiUrl":"","linkpage":"/cgi-bin/d24/iphone.product.detail.sd/ZEYMYEDS/190201230052/?artikelnummer=SAN2178002087", "id":"SAN2178002087", "unit":"StÃ¼ck", "pe":"pro 1", "werksnr" : "8306955-178002087", "liefnr" : "" } ,{"producttitle":"SAN2178003087","description":"sanibel 2000 Verbreiterungsprofil A16 f TÃ¼ren m. Festseg. Nr. 178003087 silber ","pictureURL":"/shop/d24/kleinbild_liste/27Q6yr5getKSDb6Rf4cwyx.gif","pictureApiUrl":"","linkpage":"/cgi-bin/d24/iphone.product.detail.sd/ZEYMYEDS/190201230052/?artikelnummer=SAN2178003087", "id":"SAN2178003087", "unit":"StÃ¼ck", "pe":"pro 1", "werksnr" : "8306956-178003087", "liefnr" : "" } ,{"producttitle":"SAN2A23680","description":"sanibel 2000 Trennwand fÃ¼r FlÃ¼geltÃ¼r A16 TWFT Sonderanf. A23680 silber/ESG ","pictureURL":"/shop/d24/kleinbild_liste/27Q6yr5E8rawCt7z6c8.gif","pictureApiUrl":"","linkpage":"/cgi-bin/d24/iphone.product.detail.sd/ZEYMYEDS/190201230052/?artikelnummer=SAN2A23680", "id":"SAN2A23680", "unit":"StÃ¼ck", "pe":"pro 1", "werksnr" : "8306913-A23680087321", "liefnr" : "" } ,{"producttitle":"SAN2A23980","description":"sanibel 2000 Trennwand f PendeltÃ¼r 2 tlg A16 TWPT2 Sonderanf. A23980 silber/ESG ","pictureURL":"/shop/d24/kleinbild_liste/27Q6yr5E8rUDC3GDCAA.gif","pictureApiUrl":"","linkpage":"/cgi-bin/d24/iphone.product.detail.sd/ZEYMYEDS/190201230052/?artikelnummer=SAN2A23980", "id":"SAN2A23980", "unit":"StÃ¼ck", "pe":"pro 1", "werksnr" : "8306937-A23980087321", "liefnr" : "" } ,{"producttitle":"SAN2A23981","description":"sanibel 2000 Trennwand f PendeltÃ¼r 2 tlg A16 TWPT2 Sonder Badew A23981 silber/ESG ","pictureURL":"/shop/d24/kleinbild_liste/27Q6yr5E8rUDC4GDAz3.gif","pictureApiUrl":"","linkpage":"/cgi-bin/d24/iphone.product.detail.sd/ZEYMYEDS/190201230052/?artikelnummer=SAN2A23981", "id":"SAN2A23981", "unit":"StÃ¼ck", "pe":"pro 1", "werksnr" : "8306938-A23981087321", "liefnr" : "" } ,{"producttitle":"SAN2EDPT9090","description":"sanibel 2000 Eckdusche PendeltÃ¼r A16 EDPT 900x900x1900mm silber/ESG ","pictureURL":"/shop/d24/kleinbild_liste/27Q6yr57UEGRwQe966Kb2K.gif","pictureApiUrl":"","linkpage":"/cgi-bin/d24/iphone.product.detail.sd/ZEYMYEDS/190201230052/?artikelnummer=SAN2EDPT9090", "id":"SAN2EDPT9090", "unit":"StÃ¼ck", "pe":"pro 1", "werksnr" : "8306944-A23302087321", "liefnr" : "" } ,{"producttitle":"SAN2FTTW80","description":"sanibel 2000 FlÃ¼geltÃ¼r fÃ¼r Trennwand A16 FTTW 800x1900mm silber/ESG ","pictureURL":"/shop/d24/kleinbild_liste/27Q6yr5Q2Eb9gQA2wKP.gif","pictureApiUrl":"","linkpage":"/cgi-bin/d24/iphone.product.detail.sd/ZEYMYEDS/190201230052/?artikelnummer=SAN2FTTW80", "id":"SAN2FTTW80", "unit":"StÃ¼ck", "pe":"pro 1", "werksnr" : "8306904-A23401087321", "liefnr" : "" } ,{"producttitle":"SAN2FTTWFS100","description":"sanibel 2000 FlÃ¼geltÃ¼r f Trennw. Festseg A16 FTTWFS 1000x1900mm silber/ESG ","pictureURL":"/shop/d24/kleinbild_liste/27Q6yr5Q2Eb9g3ta045pd7.gif","pictureApiUrl":"","linkpage":"/cgi-bin/d24/iphone.product.detail.sd/ZEYMYEDS/190201230052/?artikelnummer=SAN2FTTWFS100", "id":"SAN2FTTWFS100", "unit":"StÃ¼ck", "pe":"pro 1", "werksnr" : "8306902-A23103087321", "liefnr" : "" },
 {"producttitle":"SAN2FTTWFS80","description":"sanibel 2000 FlÃ¼geltÃ¼r f Trennw. Festseg A16 FTTWFS 800x1900mm silber/ESG ","pictureURL":"/shop/d24/kleinbild_liste/27Q6yr5Q2Eb9g3ta6Q4dAp.gif","pictureApiUrl":"","linkpage":"/cgi-bin/d24/iphone.product.detail.sd/ZEYMYEDS/190201230059/?artikelnummer=SAN2FTTWFS80", "id":"SAN2FTTWFS80", "unit":"StÃ¼ck", "pe":"pro 1", "werksnr" : "8306900-A23101087321", "liefnr" : "" } ,{"producttitle":"SAN2PT2TW100","description":"sanibel 2000 PendeltÃ¼r 2 tlg f Trennwand A16 PT2TW 1000x1900mm silber/ESG ","pictureURL":"/shop/d24/kleinbild_liste/27Q6yr5Rbpz41wStBCBx3q.gif","pictureApiUrl":"","linkpage":"/cgi-bin/d24/iphone.product.detail.sd/ZEYMYEDS/190201230059/?artikelnummer=SAN2PT2TW100", "id":"SAN2PT2TW100", "unit":"StÃ¼ck", "pe":"pro 1", "werksnr" : "8306930-A23803087321", "liefnr" : "" } ,{"producttitle":"SAN2PTN80","description":"sanibel 2000 PendeltÃ¼r in Nische A16 PTN 800x1900mm silber/ESG ","pictureURL":"/shop/d24/kleinbild_liste/27Q6yr5RbpbTfqdC.gif","pictureApiUrl":"","linkpage":"/cgi-bin/d24/iphone.product.detail.sd/ZEYMYEDS/190201230059/?artikelnummer=SAN2PTN80", "id":"SAN2PTN80", "unit":"StÃ¼ck", "pe":"pro 1", "werksnr" : "8306920-A23501087321", "liefnr" : "" } ,{"producttitle":"SAN2PTNFS80","description":"sanibel 2000 PendeltÃ¼r Nische m Festseg. A16 PTNFS 800x1900mm silber/ESG ","pictureURL":"/shop/d24/kleinbild_liste/27Q6yr5Rbp9Rfdz4wCQ.gif","pictureApiUrl":"","linkpage":"/cgi-bin/d24/iphone.product.detail.sd/ZEYMYEDS/190201230059/?artikelnummer=SAN2PTNFS80", "id":"SAN2PTNFS80", "unit":"StÃ¼ck", "pe":"pro 1", "werksnr" : "8306916-A23201087321", "liefnr" : "" } ,{"producttitle":"SAN2PTNFS90","description":"sanibel 2000 PendeltÃ¼r Nische m Festseg. A16 PTNFS 900x1900mm silber/ESG ","pictureURL":"/shop/d24/kleinbild_liste/27Q6yr5Rbp9RfSz49br.gif","pictureApiUrl":"","linkpage":"/cgi-bin/d24/iphone.product.detail.sd/ZEYMYEDS/190201230059/?artikelnummer=SAN2PTNFS90", "id":"SAN2PTNFS90", "unit":"StÃ¼ck", "pe":"pro 1", "werksnr" : "8306917-A23202087321", "liefnr" : "" } ,{"producttitle":"SAN2TWFT100","description":"sanibel 2000 Trennwand fÃ¼r FlÃ¼geltÃ¼r A16 TWFT 1000x1900mm silber/ESG ","pictureURL":"/shop/d24/kleinbild_liste/27Q6yr5aDpUGDCq8e6a.gif","pictureApiUrl":"","linkpage":"/cgi-bin/d24/iphone.product.detail.sd/ZEYMYEDS/190201230059/?artikelnummer=SAN2TWFT100", "id":"SAN2TWFT100", "unit":"StÃ¼ck", "pe":"pro 1", "werksnr" : "8306912-A23605087321", "liefnr" : "" } ,{"producttitle":"SAN2TWPT275","description":"sanibel 2000 Trennwand f PendeltÃ¼r 2 tlg A16 TWPT2 750x1900mm silber/ESG ","pictureURL":"/shop/d24/kleinbild_liste/27Q6yr5aDpT4yHaD4y3.gif","pictureApiUrl":"","linkpage":"/cgi-bin/d24/iphone.product.detail.sd/ZEYMYEDS/190201230059/?artikelnummer=SAN2TWPT275", "id":"SAN2TWPT275", "unit":"StÃ¼ck", "pe":"pro 1", "werksnr" : "8306933-A23902087321", "liefnr" : "" } ,{"producttitle":"SAN2VPTFSR5580","description":"sanibel 2000 V Kreis Duschwand PendeltÃ¼r A16 VPTFS R550 800x1900mm silber/ESG ","pictureURL":"/shop/d24/kleinbild_liste/27Q6yr5QdHrLptA9pUQLbx8ee.gif","pictureApiUrl":"","linkpage":"/cgi-bin/d24/iphone.product.detail.sd/ZEYMYEDS/190201230059/?artikelnummer=SAN2VPTFSR5580", "id":"SAN2VPTFSR5580", "unit":"StÃ¼ck", "pe":"pro 1", "werksnr" : "8306951-A24007087321", "liefnr" : "" } ,{"producttitle":"SAN2VPTFSR5590","description":"sanibel 2000 V Kreis Duschwand PendeltÃ¼r A16 VPTFS R550 900x1900mm silber/ESG ","pictureURL":"/shop/d24/kleinbild_liste/27Q6yr5QdHrLptA9pUQLHxs0g.gif","pictureApiUrl":"","linkpage":"/cgi-bin/d24/iphone.product.detail.sd/ZEYMYEDS/190201230059/?artikelnummer=SAN2VPTFSR5590", "id":"SAN2VPTFSR5590", "unit":"StÃ¼ck", "pe":"pro 1", "werksnr" : "8306952-A24008087321", "liefnr" : "" } ,{"producttitle":"HU031807","description":"HÃœPPE Ablaufleisten WINGA 1000 2 StÃ¼ck ","pictureURL":"","pictureApiUrl":"","linkpage":"/cgi-bin/d24/iphone.product.detail.sd/ZEYMYEDS/190201230059/?artikelnummer=HU031807", "id":"HU031807", "unit":"StÃ¼ck", "pe":"pro 1", "werksnr" : "031807", "liefnr" : "" },
 {"producttitle":"SAN2FTTWFS80","description":"sanibel 2000 FlÃ¼geltÃ¼r f Trennw. Festseg A16 FTTWFS 800x1900mm silber/ESG ","pictureURL":"/shop/d24/kleinbild_liste/27Q6yr5Q2Eb9g3ta6Q4dAp.gif","pictureApiUrl":"","linkpage":"/cgi-bin/d24/iphone.product.detail.sd/ZEYMYEDS/190201230059/?artikelnummer=SAN2FTTWFS80", "id":"SAN2FTTWFS80", "unit":"StÃ¼ck", "pe":"pro 1", "werksnr" : "8306900-A23101087321", "liefnr" : "" } ,{"producttitle":"SAN2PT2TW100","description":"sanibel 2000 PendeltÃ¼r 2 tlg f Trennwand A16 PT2TW 1000x1900mm silber/ESG ","pictureURL":"/shop/d24/kleinbild_liste/27Q6yr5Rbpz41wStBCBx3q.gif","pictureApiUrl":"","linkpage":"/cgi-bin/d24/iphone.product.detail.sd/ZEYMYEDS/190201230059/?artikelnummer=SAN2PT2TW100", "id":"SAN2PT2TW100", "unit":"StÃ¼ck", "pe":"pro 1", "werksnr" : "8306930-A23803087321", "liefnr" : "" } ,{"producttitle":"SAN2PTN80","description":"sanibel 2000 PendeltÃ¼r in Nische A16 PTN 800x1900mm silber/ESG ","pictureURL":"/shop/d24/kleinbild_liste/27Q6yr5RbpbTfqdC.gif","pictureApiUrl":"","linkpage":"/cgi-bin/d24/iphone.product.detail.sd/ZEYMYEDS/190201230059/?artikelnummer=SAN2PTN80", "id":"SAN2PTN80", "unit":"StÃ¼ck", "pe":"pro 1", "werksnr" : "8306920-A23501087321", "liefnr" : "" } ,{"producttitle":"SAN2PTNFS80","description":"sanibel 2000 PendeltÃ¼r Nische m Festseg. A16 PTNFS 800x1900mm silber/ESG ","pictureURL":"/shop/d24/kleinbild_liste/27Q6yr5Rbp9Rfdz4wCQ.gif","pictureApiUrl":"","linkpage":"/cgi-bin/d24/iphone.product.detail.sd/ZEYMYEDS/190201230059/?artikelnummer=SAN2PTNFS80", "id":"SAN2PTNFS80", "unit":"StÃ¼ck", "pe":"pro 1", "werksnr" : "8306916-A23201087321", "liefnr" : "" } ,{"producttitle":"SAN2PTNFS90","description":"sanibel 2000 PendeltÃ¼r Nische m Festseg. A16 PTNFS 900x1900mm silber/ESG ","pictureURL":"/shop/d24/kleinbild_liste/27Q6yr5Rbp9RfSz49br.gif","pictureApiUrl":"","linkpage":"/cgi-bin/d24/iphone.product.detail.sd/ZEYMYEDS/190201230059/?artikelnummer=SAN2PTNFS90", "id":"SAN2PTNFS90", "unit":"StÃ¼ck", "pe":"pro 1", "werksnr" : "8306917-A23202087321", "liefnr" : "" } ,{"producttitle":"SAN2TWFT100","description":"sanibel 2000 Trennwand fÃ¼r FlÃ¼geltÃ¼r A16 TWFT 1000x1900mm silber/ESG ","pictureURL":"/shop/d24/kleinbild_liste/27Q6yr5aDpUGDCq8e6a.gif","pictureApiUrl":"","linkpage":"/cgi-bin/d24/iphone.product.detail.sd/ZEYMYEDS/190201230059/?artikelnummer=SAN2TWFT100", "id":"SAN2TWFT100", "unit":"StÃ¼ck", "pe":"pro 1", "werksnr" : "8306912-A23605087321", "liefnr" : "" } ,{"producttitle":"SAN2TWPT275","description":"sanibel 2000 Trennwand f PendeltÃ¼r 2 tlg A16 TWPT2 750x1900mm silber/ESG ","pictureURL":"/shop/d24/kleinbild_liste/27Q6yr5aDpT4yHaD4y3.gif","pictureApiUrl":"","linkpage":"/cgi-bin/d24/iphone.product.detail.sd/ZEYMYEDS/190201230059/?artikelnummer=SAN2TWPT275", "id":"SAN2TWPT275", "unit":"StÃ¼ck", "pe":"pro 1", "werksnr" : "8306933-A23902087321", "liefnr" : "" } ,{"producttitle":"SAN2VPTFSR5580","description":"sanibel 2000 V Kreis Duschwand PendeltÃ¼r A16 VPTFS R550 800x1900mm silber/ESG ","pictureURL":"/shop/d24/kleinbild_liste/27Q6yr5QdHrLptA9pUQLbx8ee.gif","pictureApiUrl":"","linkpage":"/cgi-bin/d24/iphone.product.detail.sd/ZEYMYEDS/190201230059/?artikelnummer=SAN2VPTFSR5580", "id":"SAN2VPTFSR5580", "unit":"StÃ¼ck", "pe":"pro 1", "werksnr" : "8306951-A24007087321", "liefnr" : "" } ,{"producttitle":"SAN2VPTFSR5590","description":"sanibel 2000 V Kreis Duschwand PendeltÃ¼r A16 VPTFS R550 900x1900mm silber/ESG ","pictureURL":"/shop/d24/kleinbild_liste/27Q6yr5QdHrLptA9pUQLHxs0g.gif","pictureApiUrl":"","linkpage":"/cgi-bin/d24/iphone.product.detail.sd/ZEYMYEDS/190201230059/?artikelnummer=SAN2VPTFSR5590", "id":"SAN2VPTFSR5590", "unit":"StÃ¼ck", "pe":"pro 1", "werksnr" : "8306952-A24008087321", "liefnr" : "" } ,{"producttitle":"HU031807","description":"HÃœPPE Ablaufleisten WINGA 1000 2 StÃ¼ck ","pictureURL":"","pictureApiUrl":"","linkpage":"/cgi-bin/d24/iphone.product.detail.sd/ZEYMYEDS/190201230059/?artikelnummer=HU031807", "id":"HU031807", "unit":"StÃ¼ck", "pe":"pro 1", "werksnr" : "031807", "liefnr" : "" },
 {"producttitle":"SAN2A23380","description":"sanibel 2000 Eckdusche PendeltÃ¼r A16 EDPT Sonderanf. A23380 silber/ESG ","pictureURL":"/shop/d24/kleinbild_liste/27Q6yr5E8rPwCU2aLE0.gif","pictureApiUrl":"","linkpage":"/cgi-bin/d24/iphone.product.detail.sd/ZEYMYEDS/190201230117/?artikelnummer=SAN2A23380", "id":"SAN2A23380", "unit":"StÃ¼ck", "pe":"pro 1", "werksnr" : "8306946-A23380087321", "liefnr" : "" } ,{"producttitle":"SAN2A23681","description":"sanibel 2000 Trennwand fÃ¼r FlÃ¼geltÃ¼r A16 TWFT Sonder in Flucht A23681 silber/ESG ","pictureURL":"/shop/d24/kleinbild_liste/27Q6yr5E8rawCC7z8Rt.gif","pictureApiUrl":"","linkpage":"/cgi-bin/d24/iphone.product.detail.sd/ZEYMYEDS/190201230117/?artikelnummer=SAN2A23681", "id":"SAN2A23681", "unit":"StÃ¼ck", "pe":"pro 1", "werksnr" : "8306914-A23681087321", "liefnr" : "" } ,{"producttitle":"SAN2A23880","description":"sanibel 2000 PendeltÃ¼r 2 tlg f Trennwand A16 PT2TW Sonderanf. A23880 silber/ESG ","pictureURL":"/shop/d24/kleinbild_liste/27Q6yr5E8rbDCGU9Hq8.gif","pictureApiUrl":"","linkpage":"/cgi-bin/d24/iphone.product.detail.sd/ZEYMYEDS/190201230117/?artikelnummer=SAN2A23880", "id":"SAN2A23880", "unit":"StÃ¼ck", "pe":"pro 1", "werksnr" : "8306931-A23880087321", "liefnr" : "" } ,{"producttitle":"SAN2A24080","description":"sanibel 2000 V Kreis Duschwand PendeltÃ¼r A16 VPTFS R500 Sonder A24080 silber/ESG ","pictureURL":"/shop/d24/kleinbild_liste/27Q6yr5E8rybCgEdAQc.gif","pictureApiUrl":"","linkpage":"/cgi-bin/d24/iphone.product.detail.sd/ZEYMYEDS/190201230117/?artikelnummer=SAN2A24080", "id":"SAN2A24080", "unit":"StÃ¼ck", "pe":"pro 1", "werksnr" : "8306950-A24080087321", "liefnr" : "" } ,{"producttitle":"SAN2A24081","description":"sanibel 2000 V Kreis Duschwand PendeltÃ¼r A16 VPTFS R550 Sonder A24081 silber/ESG ","pictureURL":"/shop/d24/kleinbild_liste/27Q6yr5E8rybCPEdqzK.gif","pictureApiUrl":"","linkpage":"/cgi-bin/d24/iphone.product.detail.sd/ZEYMYEDS/190201230117/?artikelnummer=SAN2A24081", "id":"SAN2A24081", "unit":"StÃ¼ck", "pe":"pro 1", "werksnr" : "8306954-A24081087321", "liefnr" : "" } ,{"producttitle":"SAN2EDPT8080","description":"sanibel 2000 Eckdusche PendeltÃ¼r A16 EDPT 800x800x1900mm silber/ESG ","pictureURL":"/shop/d24/kleinbild_liste/27Q6yr57UEGRw0Uy7Gad0x.gif","pictureApiUrl":"","linkpage":"/cgi-bin/d24/iphone.product.detail.sd/ZEYMYEDS/190201230117/?artikelnummer=SAN2EDPT8080", "id":"SAN2EDPT8080", "unit":"StÃ¼ck", "pe":"pro 1", "werksnr" : "8306943-A23301087321", "liefnr" : "" } ,{"producttitle":"SAN2EDPTFS8080","description":"sanibel 2000 Eckdusche PendeltÃ¼r Festseg A16 EDPTFS 800x800x1900mm silber/ESG ","pictureURL":"/shop/d24/kleinbild_liste/27Q6yr57UEGRwRBe396gD1U8a.gif","pictureApiUrl":"","linkpage":"/cgi-bin/d24/iphone.product.detail.sd/ZEYMYEDS/190201230117/?artikelnummer=SAN2EDPTFS8080", "id":"SAN2EDPTFS8080", "unit":"StÃ¼ck", "pe":"pro 1", "werksnr" : "8306939-A23001087321", "liefnr" : "" } ,{"producttitle":"SAN2FTTW100","description":"sanibel 2000 FlÃ¼geltÃ¼r fÃ¼r Trennwand A16 FTTW 1000x1900mm silber/ESG ","pictureURL":"/shop/d24/kleinbild_liste/27Q6yr5Q2Eb9gKz7Cg3.gif","pictureApiUrl":"","linkpage":"/cgi-bin/d24/iphone.product.detail.sd/ZEYMYEDS/190201230117/?artikelnummer=SAN2FTTW100", "id":"SAN2FTTW100", "unit":"StÃ¼ck", "pe":"pro 1", "werksnr" : "8306906-A23403087321", "liefnr" : "" } ,{"producttitle":"SAN2PTN100","description":"sanibel 2000 PendeltÃ¼r in Nische A16 PTN 1000x1900mm silber/ESG ","pictureURL":"/shop/d24/kleinbild_liste/27Q6yr5RbpPcfcz6asg.gif","pictureApiUrl":"","linkpage":"/cgi-bin/d24/iphone.product.detail.sd/ZEYMYEDS/190201230117/?artikelnummer=SAN2PTN100", "id":"SAN2PTN100", "unit":"StÃ¼ck", "pe":"pro 1", "werksnr" : "8306922-A23503087321", "liefnr" : "" } ,{"producttitle":"SAN2PTNFS100","description":"sanibel 2000 PendeltÃ¼r Nische m Festseg. A16 PTNFS 1000x1900mm silber/ESG ","pictureURL":"/shop/d24/kleinbild_liste/27Q6yr5Rbp9RfEz48RpRd0.gif","pictureApiUrl":"","linkpage":"/cgi-bin/d24/iphone.product.detail.sd/ZEYMYEDS/190201230117/?artikelnummer=SAN2PTNFS100", "id":"SAN2PTNFS100", "unit":"StÃ¼ck", "pe":"pro 1", "werksnr" : "8306918-A23203087321", "liefnr" : "" },
 