{"result":"OK","artnr":"SAN2PTNFS100","artbez":"sanibel 2000 Pendeltür Nische m Festseg. A16 PTNFS 1000x1900mm silber/ESG","bild":"/","bildinfo":"//argebilder/mmedia/sg/web_bilder/sgu_8306918_1.jpg","farbbild":"/","masszeichnung":"/","explosionszeichnung":"/","techdat":"","video":"","rabgrp":"3355","rabgrpbez":"sanibel 2000 Duschabtrennungen A16 ","wargrp":"1744","wargrpbez":"sanibel 2000 Duschabtrennungen","herstellernr":"HUBA01","hersteller":"Hüppe","lwkz":"","ArtInfoWSWerksNr":"A23203087321","langtext":"$&latin1toutf8(''","nettopreis":"423.15","bruttopreis":"651.00"}