{"result":"OK","artnr":"SAN2EDPT9090","artbez":"sanibel 2000 Eckdusche Pendeltür A16 EDPT 900x900x1900mm silber/ESG","bild":"/","bildinfo":"//argebilder/mmedia/sg/web_bilder/sgu_8306944_1.jpg","farbbild":"/","masszeichnung":"/","explosionszeichnung":"/","techdat":"","video":"","rabgrp":"3355","rabgrpbez":"sanibel 2000 Duschabtrennungen A16 ","wargrp":"1744","wargrpbez":"sanibel 2000 Duschabtrennungen","herstellernr":"HUBA01","hersteller":"Hüppe","lwkz":"1","ArtInfoWSWerksNr":"A23302087321","langtext":"$&latin1toutf8(''","nettopreis":"485.00","bruttopreis":"1078.00"}