{"result":"OK","artnr":"SAN2A23380","artbez":"sanibel 2000 Eckdusche Pendeltür A16 EDPT Sonderanf. A23380 silber/ESG","bild":"/","bildinfo":"//argebilder/mmedia/sg/web_bilder/sgu_8306946_1.jpg","farbbild":"/","masszeichnung":"/","explosionszeichnung":"/","techdat":"","video":"","rabgrp":"3355","rabgrpbez":"sanibel 2000 Duschabtrennungen A16 ","wargrp":"1744","wargrpbez":"sanibel 2000 Duschabtrennungen","herstellernr":"HUBA01","hersteller":"Hüppe","lwkz":"","ArtInfoWSWerksNr":"A23380087321","langtext":"$&latin1toutf8(''","nettopreis":"847.60","bruttopreis":"1304.00"}