{"result":"OK","artnr":"SAN2TWPT290","artbez":"sanibel 2000 Trennwand f Pendeltür 2 tlg A16 TWPT2 900x1900mm silber/ESG","bild":"/","bildinfo":"//argebilder/mmedia/sg/web_bilder/sgu_8306935_3.jpg","farbbild":"/","masszeichnung":"/","explosionszeichnung":"/","techdat":"","video":"","rabgrp":"3355","rabgrpbez":"sanibel 2000 Duschabtrennungen A16 ","wargrp":"1744","wargrpbez":"sanibel 2000 Duschabtrennungen","herstellernr":"HUBA01","hersteller":"Hüppe","lwkz":"1","ArtInfoWSWerksNr":"A23904087321","langtext":"$&latin1toutf8(''","nettopreis":"252.20","bruttopreis":"388.00"}