{"result":"OK","artnr":"SAN2TWFT70","artbez":"sanibel 2000 Trennwand für Flügeltür A16 TWFT 700x1900mm silber/ESG","bild":"/","bildinfo":"//argebilder/mmedia/sg/web_bilder/sgu_8306908_1.jpg","farbbild":"/","masszeichnung":"/","explosionszeichnung":"/","techdat":"","video":"","rabgrp":"3355","rabgrpbez":"sanibel 2000 Duschabtrennungen A16 ","wargrp":"1744","wargrpbez":"sanibel 2000 Duschabtrennungen","herstellernr":"HUBA01","hersteller":"Hüppe","lwkz":"1","ArtInfoWSWerksNr":"A23601087321","langtext":"$&latin1toutf8(''","nettopreis":"247.00","bruttopreis":"380.00"}